planning_seed,selection_position,selection_hash,episode_index,start_step,goal_step,valid_row_rank,pair_hash,success_A,success_C,success_D
42,0,e46ea81cce2e6a9a5df05ba04893b4181cbd8979340111a012c30f1efa2d7ee7,638,25,75,96363,c7cad57533aa8e769efc7ddfb865b3fc3b2aae35ff012adc3751eee5e7000ee9,false,false,true
42,1,e46ea81cce2e6a9a5df05ba04893b4181cbd8979340111a012c30f1efa2d7ee7,679,29,79,102558,17827c47613d6809e7665d53f6d095c9e4c946a0632ce4bb7a3f8482407639b7,false,true,true
42,2,e46ea81cce2e6a9a5df05ba04893b4181cbd8979340111a012c30f1efa2d7ee7,859,65,115,129774,c004df04f9dfba18398d1929fa5edb2bc56e48c1a12256007697707e3e747c24,true,true,true
42,3,e46ea81cce2e6a9a5df05ba04893b4181cbd8979340111a012c30f1efa2d7ee7,892,72,122,134764,9d4fb5c7c7358aa8acced10777206ca52a58e5f7267fc5ea1f86c074fcdae1d4,false,false,false
42,4,e46ea81cce2e6a9a5df05ba04893b4181cbd8979340111a012c30f1efa2d7ee7,921,52,102,139123,9878d47f31bec0c38b9029e2e3785151bd05cc912ddb4cd0d80ed4f447f89942,true,true,true
42,5,e46ea81cce2e6a9a5df05ba04893b4181cbd8979340111a012c30f1efa2d7ee7,941,112,162,142203,763a41f813beef22097ccb0c85b844d45cb066fea3461b2879c4bddaee8d3c47,true,true,true
42,6,e46ea81cce2e6a9a5df05ba04893b4181cbd8979340111a012c30f1efa2d7ee7,1281,16,66,193447,d8c51b5ccb690c618491ade63a7b45b309471b83bc0d33655a1631cf9af4db15,false,false,false
42,7,e46ea81cce2e6a9a5df05ba04893b4181cbd8979340111a012c30f1efa2d7ee7,1652,42,92,249494,32b2daf82fe82004fb8a1305ae0da48538fcc17ce18fc38ad23908bd1db0a117,true,true,true
42,8,e46ea81cce2e6a9a5df05ba04893b4181cbd8979340111a012c30f1efa2d7ee7,1825,69,119,275644,fa9c52a2230d9915573d3363112cdf3687ef84b139c7c25775e548ca2c0d63ce,true,true,true
42,9,e46ea81cce2e6a9a5df05ba04893b4181cbd8979340111a012c30f1efa2d7ee7,2014,96,146,304210,e751896dcb842517d3c6bdf3aa578183b7fa6a84d2e6196d7b6af4aa518306e8,false,false,false
42,10,e46ea81cce2e6a9a5df05ba04893b4181cbd8979340111a012c30f1efa2d7ee7,2272,54,104,343126,be6730b8881f936b5b088e2a97813f4e27e5afd815033aac07e25ff0ee326175,true,false,true
42,11,e46ea81cce2e6a9a5df05ba04893b4181cbd8979340111a012c30f1efa2d7ee7,2767,86,136,417903,601ee9728f4ce5f8d09fa293824e89f90ad765c90c4ba013ef661bcf4a094ad2,false,false,false
42,12,e46ea81cce2e6a9a5df05ba04893b4181cbd8979340111a012c30f1efa2d7ee7,3545,36,86,535331,fe627c72495d3bba3a4546a5921fddf0edb09130d00552297963ba304fca16df,true,true,true
42,13,e46ea81cce2e6a9a5df05ba04893b4181cbd8979340111a012c30f1efa2d7ee7,3707,137,187,559894,d95f390300009c1ceac2fa68701fa0587c21c87c6fb92aaf0e9196fc441f88ff,true,true,true
42,14,e46ea81cce2e6a9a5df05ba04893b4181cbd8979340111a012c30f1efa2d7ee7,4024,12,62,607636,bdf27cc4e4a28fb73615ae88fa5458a5628bcd4cea6c735aafe29cb8a78d83da,false,false,false
42,15,e46ea81cce2e6a9a5df05ba04893b4181cbd8979340111a012c30f1efa2d7ee7,4330,3,53,653833,30c6b259881f329801d1d289c1651ce68cf6d9f38345973a8b2fb42666493e78,false,false,false
42,16,e46ea81cce2e6a9a5df05ba04893b4181cbd8979340111a012c30f1efa2d7ee7,4388,97,147,662685,a405fb726ad16116e6d10ba203cb2cb29c36a01826f43896545ee58286b61bec,false,false,false
42,17,e46ea81cce2e6a9a5df05ba04893b4181cbd8979340111a012c30f1efa2d7ee7,4434,12,62,669546,c39eac38d6638570428f46ca536181d248d646b4c2e604c87c33dcbd931e81c2,false,false,false
42,18,e46ea81cce2e6a9a5df05ba04893b4181cbd8979340111a012c30f1efa2d7ee7,4456,130,180,672986,77e79b44d4f7aa9baf086d07f920aa7e764eb384906e469de55ea4c346e553b0,true,true,true
42,19,e46ea81cce2e6a9a5df05ba04893b4181cbd8979340111a012c30f1efa2d7ee7,4503,115,165,680068,604f6ea269450b258b99e90aa5aa703c751fb080200a33e5890efdde14d9174c,true,true,true
42,20,e46ea81cce2e6a9a5df05ba04893b4181cbd8979340111a012c30f1efa2d7ee7,4504,80,130,680184,695ae136c0cf501d6364ee303b1f4860cbe35cf4ecd21adaf7f30a69afcc247f,false,true,false
42,21,e46ea81cce2e6a9a5df05ba04893b4181cbd8979340111a012c30f1efa2d7ee7,5003,63,113,755516,e779ae93a234f3b2dc5843d92f8b30686ecaea1ca8f43ba2b1ff1f6423440d69,true,true,true
42,22,e46ea81cce2e6a9a5df05ba04893b4181cbd8979340111a012c30f1efa2d7ee7,5132,22,72,774954,469f84fb6cc6452ab84bdb3b2ae75efc0ab2111e55e175466e64a78a9c0e69b1,false,false,false
42,23,e46ea81cce2e6a9a5df05ba04893b4181cbd8979340111a012c30f1efa2d7ee7,5264,98,148,794962,32ca5cb9d06c3dc9c3a3e92dcf945b02aa762d28b26b593fec814465b8faebd0,false,false,true
42,24,e46ea81cce2e6a9a5df05ba04893b4181cbd8979340111a012c30f1efa2d7ee7,5454,31,81,823585,a8f2dd7db8ccb7d163af6c55c9265a900213ffe862d9703aec4abf150a26a564,false,false,true
42,25,e46ea81cce2e6a9a5df05ba04893b4181cbd8979340111a012c30f1efa2d7ee7,5545,118,168,837413,2c1a795ef897a47e4a80ac8ffa41dfbe840ac54e08f2357a128d4d7670192f39,true,true,true
42,26,e46ea81cce2e6a9a5df05ba04893b4181cbd8979340111a012c30f1efa2d7ee7,6316,90,140,953806,12391b7a69d09cecbdbecce1fa3040b41420805b1bc4e06be83a6545dee4f740,false,false,false
42,27,e46ea81cce2e6a9a5df05ba04893b4181cbd8979340111a012c30f1efa2d7ee7,6438,82,132,972220,1aff18a1e5a817698f653b6cbb8f72d8f7d90bd968b5a996ddeb9f9b9f80ae5f,false,false,false
42,28,e46ea81cce2e6a9a5df05ba04893b4181cbd8979340111a012c30f1efa2d7ee7,6545,76,126,988371,a61c084a52f6f166598b5a0bb098eb7eddaec79a4b41be5e9e5b291eec75aa71,false,false,false
42,29,e46ea81cce2e6a9a5df05ba04893b4181cbd8979340111a012c30f1efa2d7ee7,6779,27,77,1023656,398152f8c02e13bcd69bf8daf3ce0d981b9538e9212fc29e3c246694258197b4,true,true,true
42,30,e46ea81cce2e6a9a5df05ba04893b4181cbd8979340111a012c30f1efa2d7ee7,6973,72,122,1052995,da19f145c227f5a67f8577cc17dae79e3e6715c875b88b0b6fb178bc16a677f8,false,false,true
42,31,e46ea81cce2e6a9a5df05ba04893b4181cbd8979340111a012c30f1efa2d7ee7,7005,29,79,1057784,4559534a216c0359d3e23f0a5062be0afafa4b4630eaae402214701b8d171c88,false,false,false
42,32,e46ea81cce2e6a9a5df05ba04893b4181cbd8979340111a012c30f1efa2d7ee7,7174,90,140,1083364,2ecdb70b0b3703aacf5790ef239e2bfad3b2d94a72b8cfe47791f6c12c1e3fe4,false,false,false
42,33,e46ea81cce2e6a9a5df05ba04893b4181cbd8979340111a012c30f1efa2d7ee7,7357,51,101,1110958,60ed157c49a187be4178acb3e8853afaf5a7dea5b8fbeccf156785b595e7977a,true,true,true
42,34,e46ea81cce2e6a9a5df05ba04893b4181cbd8979340111a012c30f1efa2d7ee7,7580,125,175,1144705,b5016a4211d974c7258b11f62515e6c959b3198f671324636c25d5ae870d5e14,true,true,true
42,35,e46ea81cce2e6a9a5df05ba04893b4181cbd8979340111a012c30f1efa2d7ee7,7611,31,81,1149292,d9dfc6d193a77677c5b447dd407fff62dec0b17870ce2c96eca168af1381c967,true,true,true
42,36,e46ea81cce2e6a9a5df05ba04893b4181cbd8979340111a012c30f1efa2d7ee7,7739,46,96,1168635,1ef7dec5985996df4eb301b27b6250d805a3c5cb4e1881f6c3ebdca450c7d446,true,true,true
42,37,e46ea81cce2e6a9a5df05ba04893b4181cbd8979340111a012c30f1efa2d7ee7,7783,125,175,1175358,024f369a9293d6567747e6d35572e9eed002ef84611ec872c31029f70931c8ac,true,true,true
42,38,e46ea81cce2e6a9a5df05ba04893b4181cbd8979340111a012c30f1efa2d7ee7,7815,81,131,1180146,02bd1b2e78a9d11ec3c1e053085fb170ed24431281ef6661b6044e15475eec9f,false,false,false
42,39,e46ea81cce2e6a9a5df05ba04893b4181cbd8979340111a012c30f1efa2d7ee7,7860,69,119,1186929,9574a6fcfcf31f56cced0faf84f2f1b4b778a77f8aab52dc5ef1cf57897f004b,true,true,true
42,40,e46ea81cce2e6a9a5df05ba04893b4181cbd8979340111a012c30f1efa2d7ee7,8227,74,124,1242351,d2e3056c9f8596965b7e75ce1df9b0f11d046ba63102d198ac9e4a2c547b02e7,false,false,false
42,41,e46ea81cce2e6a9a5df05ba04893b4181cbd8979340111a012c30f1efa2d7ee7,8276,36,86,1249712,a28e168d839ea82fe1f8158ad482014e0c5ab4b658e8d13de83ce315ad64bf42,false,false,false
42,42,e46ea81cce2e6a9a5df05ba04893b4181cbd8979340111a012c30f1efa2d7ee7,8397,45,95,1267992,a723abe325987402617d867f0400f3a69319512329091d670b0e7caca0673bdd,true,true,true
42,43,e46ea81cce2e6a9a5df05ba04893b4181cbd8979340111a012c30f1efa2d7ee7,8582,125,175,1296007,04fae5deae79fd9cec29049039e27999824b4c239cf8d965323f35aca0ca33d1,true,true,true
42,44,e46ea81cce2e6a9a5df05ba04893b4181cbd8979340111a012c30f1efa2d7ee7,8585,109,159,1296444,c4e2ceebe256d892872341d7ff6370408a686996a90b1877e4c5f41a50bedac1,true,true,true
42,45,e46ea81cce2e6a9a5df05ba04893b4181cbd8979340111a012c30f1efa2d7ee7,8878,121,171,1340699,865d48ffe15e728c7e206ef1d5211e9de9d2f237a1000072f5466a12787be72a,true,true,true
42,46,e46ea81cce2e6a9a5df05ba04893b4181cbd8979340111a012c30f1efa2d7ee7,8931,29,79,1348610,ead868ee25eef4db83cf4ff384186c3080b48383ecdd2e04a9354b7cf7d79cd1,true,true,true
42,47,e46ea81cce2e6a9a5df05ba04893b4181cbd8979340111a012c30f1efa2d7ee7,9267,73,123,1399390,67ba94041d20c008b54b6b7a5dd0483835977509d37305f738f7e3b2a9e7010f,true,true,false
42,48,e46ea81cce2e6a9a5df05ba04893b4181cbd8979340111a012c30f1efa2d7ee7,9706,143,193,1465749,d402040dc9c5db3f984248c734f3516e45a098361b825e3fcebc09d72b80d183,true,true,true
42,49,e46ea81cce2e6a9a5df05ba04893b4181cbd8979340111a012c30f1efa2d7ee7,9755,146,196,1473151,4442bc2ff237fe286f3d01fb341905f1adb1ce0c938c4d49c9584095f4f66330,true,true,true
43,0,ec11aef75502c4d2be1b8505a242f384380c5152c01d8b060545acc2d3db600d,40,117,167,6157,e981678a9178f0a04842cecf7b203aea45d3ce21347265142cb4aaeb7d58eea0,true,true,true
43,1,ec11aef75502c4d2be1b8505a242f384380c5152c01d8b060545acc2d3db600d,140,76,126,21216,69d847681c5dd0ab2c8f31e271d94fd69be546331da15c8e17d7882aea373ea7,false,false,false
43,2,ec11aef75502c4d2be1b8505a242f384380c5152c01d8b060545acc2d3db600d,200,43,93,30243,3c655d10c4dfb696d40001439e3fc6c28e73df8d006b96863cfed311ea005dde,false,false,false
43,3,ec11aef75502c4d2be1b8505a242f384380c5152c01d8b060545acc2d3db600d,437,111,161,66098,b4fe9eb55926ce345fa347d84d9ee45e3d5eeeae1f827d1dd279266311c91794,true,true,true
43,4,ec11aef75502c4d2be1b8505a242f384380c5152c01d8b060545acc2d3db600d,1472,21,71,222293,0c770c17a3b48686d1dc0cf2272d26f200c5d105015a7cb9cf6b57a502a0cd73,false,false,false
43,5,ec11aef75502c4d2be1b8505a242f384380c5152c01d8b060545acc2d3db600d,1893,140,190,285983,58b90c62071daf6343e22870cd05963697a4e75d4f35bbfe38a7f11664655ee7,false,true,true
43,6,ec11aef75502c4d2be1b8505a242f384380c5152c01d8b060545acc2d3db600d,2246,150,200,339296,5853f3d8932067da1233108ec141a75dd3356da745844f12f312652eafba094e,true,true,true
43,7,ec11aef75502c4d2be1b8505a242f384380c5152c01d8b060545acc2d3db600d,2636,129,179,398165,46276367b93ebae43186947ad290e21cde9213f9d6ecf3a7f9e8aec4801b6829,true,true,true
43,8,ec11aef75502c4d2be1b8505a242f384380c5152c01d8b060545acc2d3db600d,2738,9,59,413447,9449ad17afa5565402e7c6271ca06ad2e55ccfae430e1326846c51c82dd09589,false,false,false
43,9,ec11aef75502c4d2be1b8505a242f384380c5152c01d8b060545acc2d3db600d,2765,102,152,417617,5c0a4dcb73a72efef9155134ae99a44f380e7e45f0fed5cf12f164d187d162da,false,false,true
43,10,ec11aef75502c4d2be1b8505a242f384380c5152c01d8b060545acc2d3db600d,2785,45,95,420580,ced12c559463cd1f3d0e8ce33f3356de2c5e35351a521562f81a180ef41cfc64,true,false,false
43,11,ec11aef75502c4d2be1b8505a242f384380c5152c01d8b060545acc2d3db600d,2786,42,92,420728,9fd7f6b434db601d084b153301e2b054d395fcfbd054a9b42c5a5484f2a04f67,false,true,true
43,12,ec11aef75502c4d2be1b8505a242f384380c5152c01d8b060545acc2d3db600d,3089,30,80,466469,ecc21d0d8e5b295efe62cbc331f4b7bc3ea4f54459e9a4acd51d91379f92456c,true,true,false
43,13,ec11aef75502c4d2be1b8505a242f384380c5152c01d8b060545acc2d3db600d,3799,126,176,573775,dcbedefa8dac379f9f1eea8997def428680d54a451df51f77a3c1e32cbab812a,true,true,true
43,14,ec11aef75502c4d2be1b8505a242f384380c5152c01d8b060545acc2d3db600d,3889,109,159,587348,dba051a4a2bec154e307d9cef078b3c6bd93b6d7b0afbb397f88d5c10f624f4d,true,true,true
43,15,ec11aef75502c4d2be1b8505a242f384380c5152c01d8b060545acc2d3db600d,3996,130,180,603526,538038e38f0989c46b0a8dd5dfffe6dad005574d4ed33c8517fb4e04d27950d0,true,true,true
43,16,ec11aef75502c4d2be1b8505a242f384380c5152c01d8b060545acc2d3db600d,4012,141,191,605953,1638f6b2a0106cb345ca56f7658d24f260f1ffddf8b8df94116b4c5aae57488c,true,true,true
43,17,ec11aef75502c4d2be1b8505a242f384380c5152c01d8b060545acc2d3db600d,4199,103,153,634152,4cc5599e627323ae013f59f78c8db790d21811c08c8a8287a0ce9eb991ac1715,true,true,true
43,18,ec11aef75502c4d2be1b8505a242f384380c5152c01d8b060545acc2d3db600d,4219,141,191,637210,55eeef6cb4d4c86bb4ed75335ed34a3c846bb0de9756d14a9f88525a88256e6b,false,true,true
43,19,ec11aef75502c4d2be1b8505a242f384380c5152c01d8b060545acc2d3db600d,4224,17,67,637841,f6e614c209cfcde8077acc03ebfb8db45b3f7acadceaa0dd9ec07cb772379704,false,false,false
43,20,ec11aef75502c4d2be1b8505a242f384380c5152c01d8b060545acc2d3db600d,4510,33,83,681043,27a70ca4f2aff81d7dd85784bf9fa326fb03f3fffc6f27cb1d501c1a4e65e633,false,false,false
43,21,ec11aef75502c4d2be1b8505a242f384380c5152c01d8b060545acc2d3db600d,4568,147,197,689915,b15472f81daf725e0045e58197a4f89c17b9055877377d398b202a58d34b8e19,true,true,true
43,22,ec11aef75502c4d2be1b8505a242f384380c5152c01d8b060545acc2d3db600d,4644,106,156,701350,48bfbef7bd718ff70ab2423f9616a4cdc1152b1858156c5fa1f52e85b1cf744d,true,true,true
43,23,ec11aef75502c4d2be1b8505a242f384380c5152c01d8b060545acc2d3db600d,4699,149,199,709698,bea4e4eb54e18ecbb13df4cb5597220518467b7a9fbd70193799d0108f89ad4d,true,true,true
43,24,ec11aef75502c4d2be1b8505a242f384380c5152c01d8b060545acc2d3db600d,4854,129,179,733083,d56a9a6eca498f9217789ce02db9837cb5f024bd4ecb940986633c5a927d541e,false,true,true
43,25,ec11aef75502c4d2be1b8505a242f384380c5152c01d8b060545acc2d3db600d,5053,10,60,763013,d57e65e855f4aa21b121a322dd8585aa59c5f69a98ab14cc1d775d6a4c9f47a3,false,false,false
43,26,ec11aef75502c4d2be1b8505a242f384380c5152c01d8b060545acc2d3db600d,5351,36,86,808037,99a0b6b4433ba04b5a99f46696f6a075f78a698b285ba1ae333fc703547ef046,true,true,true
43,27,ec11aef75502c4d2be1b8505a242f384380c5152c01d8b060545acc2d3db600d,5478,96,146,827274,95d026629e5d823d65c554c3d4cb249f361532f58972a3d7d4459bda1dc14b29,false,false,false
43,28,ec11aef75502c4d2be1b8505a242f384380c5152c01d8b060545acc2d3db600d,5771,52,102,871473,85205f94c54f47776017a13ee46e49de22f5042e0658075d0f15b08b5671aff2,true,true,true
43,29,ec11aef75502c4d2be1b8505a242f384380c5152c01d8b060545acc2d3db600d,5871,40,90,886561,17f6018918bf2f87de16b2db06e1c80865d9ca3365020442d65ab6e7318353d9,true,true,true
43,30,ec11aef75502c4d2be1b8505a242f384380c5152c01d8b060545acc2d3db600d,5931,109,159,895690,6ce415dca2b2e38fae40733148f3b391a861cc7d85d0d6beceeca575fd32313d,true,true,true
43,31,ec11aef75502c4d2be1b8505a242f384380c5152c01d8b060545acc2d3db600d,6392,103,153,965295,52c76b26f1b87897695aa7c63e8b283e921495201c3c6357fb9858e1eb9101f1,true,true,true
43,32,ec11aef75502c4d2be1b8505a242f384380c5152c01d8b060545acc2d3db600d,6522,117,167,984939,6261bce0cd6eb0c641a690adbeb409defa074739b7af041f915dc3f83324230b,true,true,true
43,33,ec11aef75502c4d2be1b8505a242f384380c5152c01d8b060545acc2d3db600d,7002,0,50,1057302,71ca2792b7aa55c141bd81e9fc7a71c46b99086901ca1ea4c2849272393e1a43,false,false,false
43,34,ec11aef75502c4d2be1b8505a242f384380c5152c01d8b060545acc2d3db600d,7517,111,161,1135178,bc72d4a99b2ac6ec7545686faabd3c856f06d231c828141404660f79d7d06681,true,true,true
43,35,ec11aef75502c4d2be1b8505a242f384380c5152c01d8b060545acc2d3db600d,7767,48,98,1172865,271e59d5aede54d92a227b6caed955fd4c0e4b12e89861eb1af49c5c6bed0349,true,true,true
43,36,ec11aef75502c4d2be1b8505a242f384380c5152c01d8b060545acc2d3db600d,8246,127,177,1245273,affea639a50f9abc9e82414f33a7f1795cbb7db68a34e83c56f8989dc9bb1837,true,true,true
43,37,ec11aef75502c4d2be1b8505a242f384380c5152c01d8b060545acc2d3db600d,8381,147,197,1265678,b3c9ece7411c023688c166c269f83faa9e92772fbc517e7d91c4d3c0b8fc2749,true,true,true
43,38,ec11aef75502c4d2be1b8505a242f384380c5152c01d8b060545acc2d3db600d,8391,133,183,1267174,a364880c9ec392efd718416922a8dc3f089c708eea4f147eda00106d2df7e411,true,true,true
43,39,ec11aef75502c4d2be1b8505a242f384380c5152c01d8b060545acc2d3db600d,8464,113,163,1278177,1020b0f8254a8034f4aa12739449461c83302197344f0e751e934c68a0f33642,true,true,true
43,40,ec11aef75502c4d2be1b8505a242f384380c5152c01d8b060545acc2d3db600d,8918,129,179,1346747,f8669f827f1712810afb634680941406d7aa682489c936dad5c107de41237b62,true,true,true
43,41,ec11aef75502c4d2be1b8505a242f384380c5152c01d8b060545acc2d3db600d,8948,128,178,1351276,bed95a10001b76f6ff5ee0ef7431ef6a7eeafe0726b32d50e4847c674f5df42a,false,true,true
43,42,ec11aef75502c4d2be1b8505a242f384380c5152c01d8b060545acc2d3db600d,9327,123,173,1408500,5bff0b6a40482c04530c8e9baa8ae6b58a652b1c9291afe294fc86dace376470,true,true,true
43,43,ec11aef75502c4d2be1b8505a242f384380c5152c01d8b060545acc2d3db600d,9428,99,149,1423727,4d4177996015379f0ea656d4fd2e27497d7f2f54c288e2ae239e4a8bb7e5d08c,true,true,false
43,44,ec11aef75502c4d2be1b8505a242f384380c5152c01d8b060545acc2d3db600d,9451,33,83,1427134,d4103a4f3be937c6af0281d55cf6a6fe064afa819ecf0b656435d140fd6b95d5,false,false,false
43,45,ec11aef75502c4d2be1b8505a242f384380c5152c01d8b060545acc2d3db600d,9517,67,117,1437134,7879aab477078bb40ffcf403b70d1a6101d9641e1a8df2c5be28f2660154ec7c,true,true,true
43,46,ec11aef75502c4d2be1b8505a242f384380c5152c01d8b060545acc2d3db600d,9552,145,195,1442497,20a34407cec534a4f4305065212dc92ba5fa98507e97fb9904affee2b3783b4f,true,true,true
43,47,ec11aef75502c4d2be1b8505a242f384380c5152c01d8b060545acc2d3db600d,9646,140,190,1456686,a5e0af1a03e33559826cb30f6dfb5d214094921dd784d8b5b17c101ac9ab1ce7,true,true,false
43,48,ec11aef75502c4d2be1b8505a242f384380c5152c01d8b060545acc2d3db600d,9899,80,130,1494829,9af31bc4efb893730b1a685ffd39b989788b00c268ef95c44fd91446d5cd5122,false,false,false
43,49,ec11aef75502c4d2be1b8505a242f384380c5152c01d8b060545acc2d3db600d,9978,122,172,1506800,4dd8454654691d10a842a2caaeb6bbb8a301197fb23dd3470b4106c65bb188f2,true,true,true
44,0,db4670a9f5d9f93086676c6181c91a4463636e6bf9bcc20b2fc2a7e0995e0b64,176,121,171,26697,80019ca36273bb18a83dce6ba7d75e8b5de3cc3c4f06f6107a780f38ff91479c,true,true,true
44,1,db4670a9f5d9f93086676c6181c91a4463636e6bf9bcc20b2fc2a7e0995e0b64,194,93,143,29387,9bc3b65fd42a4e0fbf0e5124662853afe889bd081ac9f11e7fdcb11b7d4d1b89,false,false,false
44,2,db4670a9f5d9f93086676c6181c91a4463636e6bf9bcc20b2fc2a7e0995e0b64,872,61,111,131733,b7a58b232bfb8b0732b35f8a6c35fd6830e91ceacc3df1a469af9303b0c5b5c2,true,true,true
44,3,db4670a9f5d9f93086676c6181c91a4463636e6bf9bcc20b2fc2a7e0995e0b64,884,75,125,133559,92a8fb162c30d80189d60ffea68e0f8436817ab6bfac0b242a9417f5390b39c4,true,false,false
44,4,db4670a9f5d9f93086676c6181c91a4463636e6bf9bcc20b2fc2a7e0995e0b64,1010,51,101,152561,040a4caa8ef5806ec34124b5eafd46582021f20fe6b7177c404d12e0c7fa7521,true,true,true
44,5,db4670a9f5d9f93086676c6181c91a4463636e6bf9bcc20b2fc2a7e0995e0b64,1084,58,108,163742,a398fde3e9ff916901e76dc6f445459558b103bab881a34c39bcf810f836c62f,false,true,true
44,6,db4670a9f5d9f93086676c6181c91a4463636e6bf9bcc20b2fc2a7e0995e0b64,1225,92,142,185067,4629b3e07f681952c1f1555dc884d224eb7b0e15ffc9b0ca7ec14430c21a8860,false,true,false
44,7,db4670a9f5d9f93086676c6181c91a4463636e6bf9bcc20b2fc2a7e0995e0b64,1623,19,69,245092,07e730365747bf9abb7d16b34bcc887a5d842a0f300ab5e6f8e64074f4eb2394,false,false,false
44,8,db4670a9f5d9f93086676c6181c91a4463636e6bf9bcc20b2fc2a7e0995e0b64,1630,62,112,246192,797dd5889f1cbc89fe4576ff1c6766d427fbec19165d460566d7d8e34f65bf8c,true,true,true
44,9,db4670a9f5d9f93086676c6181c91a4463636e6bf9bcc20b2fc2a7e0995e0b64,1807,139,189,272996,b29c8d21f454951396e1e76fac86212e7c1fdc37680be9a11e5a82b6833fe504,true,false,true
44,10,db4670a9f5d9f93086676c6181c91a4463636e6bf9bcc20b2fc2a7e0995e0b64,1971,92,142,297713,9625c0e55578d76b87dde1755e63fc69093819b8a62fc689bb60019fd30c2a02,false,false,false
44,11,db4670a9f5d9f93086676c6181c91a4463636e6bf9bcc20b2fc2a7e0995e0b64,2034,35,85,307169,d5816bc51e37928c3dc0679c5365e74b6c5f4c02b77c6ff9e549bc3123d1e519,false,false,false
44,12,db4670a9f5d9f93086676c6181c91a4463636e6bf9bcc20b2fc2a7e0995e0b64,2581,7,57,389738,22e777e47a42c0773f869409481c51377d3a50b2146000fc797c24b509ffdf70,false,false,false
44,13,db4670a9f5d9f93086676c6181c91a4463636e6bf9bcc20b2fc2a7e0995e0b64,3379,81,131,510310,d546593a11705330c99b03fdeb011b771947a6d06c3854a6512f21b8f5dbc99c,false,false,false
44,14,db4670a9f5d9f93086676c6181c91a4463636e6bf9bcc20b2fc2a7e0995e0b64,3742,39,89,565081,a814ffbf0459d9ba9b23e15ca9778ab63399e409d333070999f17f0b894a6caa,false,false,false
44,15,db4670a9f5d9f93086676c6181c91a4463636e6bf9bcc20b2fc2a7e0995e0b64,4013,118,168,606081,7c616939eb3007dc32afcff4f129264ded0a143688b17b9db657448a038a2a8f,true,true,true
44,16,db4670a9f5d9f93086676c6181c91a4463636e6bf9bcc20b2fc2a7e0995e0b64,4023,115,165,607588,01e51a8764dac72b7f351a83c0937593299ac7a0f13b8fcfbb79efb93613183f,true,true,true
44,17,db4670a9f5d9f93086676c6181c91a4463636e6bf9bcc20b2fc2a7e0995e0b64,4057,88,138,612695,cb8e5a2d72fefe065555ea46fc83e71a88e014524e993ddf2b60c8fa79eef3d6,false,false,false
44,18,db4670a9f5d9f93086676c6181c91a4463636e6bf9bcc20b2fc2a7e0995e0b64,4113,141,191,621204,14e5417da9dad09d604c09c1e1bf7dc2b4452deeb13d8b22c34cdc6e290e2d87,true,true,true
44,19,db4670a9f5d9f93086676c6181c91a4463636e6bf9bcc20b2fc2a7e0995e0b64,4114,129,179,621343,9ba0113866bdabca27659ff025f4db5a1e1309bd8f8e8f2f877157cbae5a6818,true,true,true
44,20,db4670a9f5d9f93086676c6181c91a4463636e6bf9bcc20b2fc2a7e0995e0b64,4418,130,180,667248,3028157b15762f196a687d4bd1ed74b39dc8812ad10dc0a4bca004c6a3fa279f,false,true,true
44,21,db4670a9f5d9f93086676c6181c91a4463636e6bf9bcc20b2fc2a7e0995e0b64,5238,88,138,791026,d8ba42ba603f2911a4b90beb0d9409d986bc95b4e3323c5d2e927e2caa5b3f22,false,false,false
44,22,db4670a9f5d9f93086676c6181c91a4463636e6bf9bcc20b2fc2a7e0995e0b64,5347,69,119,807466,8c0c1334d9d0f8b827acf7923c0a841497cf558aed25c33ace495656b8268dc2,false,true,false
44,23,db4670a9f5d9f93086676c6181c91a4463636e6bf9bcc20b2fc2a7e0995e0b64,5435,87,137,820772,07d001ed6a9c5b3a2601834c0cfa1fe3046dd1a46db06373f28a2c742178c3c0,false,false,false
44,24,db4670a9f5d9f93086676c6181c91a4463636e6bf9bcc20b2fc2a7e0995e0b64,5462,8,58,824770,7df491d2fc9b68df8f3e64a91526c91cd94dea895cf58fdcfca5c40068b06042,false,false,false
44,25,db4670a9f5d9f93086676c6181c91a4463636e6bf9bcc20b2fc2a7e0995e0b64,5863,76,126,885389,ec20c03572e576d6c9b6a961cf3c7e6158a110697d2ee6bffaf0c356c571c278,false,false,false
44,26,db4670a9f5d9f93086676c6181c91a4463636e6bf9bcc20b2fc2a7e0995e0b64,5913,77,127,892940,97e3ed2e9e6a77281bb81b7a22f17023e12dde90f3f11d1e9cf82c55c9854ba5,true,false,false
44,27,db4670a9f5d9f93086676c6181c91a4463636e6bf9bcc20b2fc2a7e0995e0b64,6165,32,82,930947,f241976cf2a99e9dca054afd18aef393f11ac17e5ce2f011cc0df78e330ebe68,false,false,false
44,28,db4670a9f5d9f93086676c6181c91a4463636e6bf9bcc20b2fc2a7e0995e0b64,6529,24,74,985903,2794004054b6ca05d49dad7f76e8c9e3128b276c80fff9e80031fd15d5dd14f5,false,false,false
44,29,db4670a9f5d9f93086676c6181c91a4463636e6bf9bcc20b2fc2a7e0995e0b64,6658,83,133,1005441,3a6ace52fbe83e1064c322e6bb1ca5b2a93b0717811a53533833a871c9d61051,false,false,false
44,30,db4670a9f5d9f93086676c6181c91a4463636e6bf9bcc20b2fc2a7e0995e0b64,6668,42,92,1006910,b493a62dee9c5ceed006d965aa2819dd4dd550c6e914b195328441650d67cdf6,true,false,false
44,31,db4670a9f5d9f93086676c6181c91a4463636e6bf9bcc20b2fc2a7e0995e0b64,6777,12,62,1023339,7d6cdef1b0bba96a0818d6ae529ba476e728c13cc57ff384c61b6be37df4bbe7,false,false,false
44,32,db4670a9f5d9f93086676c6181c91a4463636e6bf9bcc20b2fc2a7e0995e0b64,6922,106,156,1045328,bee5f210e7bb2c36fa74baf9526e81e512705673803566a8f09785ecd1c45417,true,true,true
44,33,db4670a9f5d9f93086676c6181c91a4463636e6bf9bcc20b2fc2a7e0995e0b64,7155,93,143,1080498,06ea298f36e743d03f4ab5d399922c654bb3fca5c60f6c24cd70cccac3925c3b,false,false,false
44,34,db4670a9f5d9f93086676c6181c91a4463636e6bf9bcc20b2fc2a7e0995e0b64,7334,40,90,1107474,5737623827bc8102691130fb1d9708f3ac80dd39c6d9807c16e858839a323ba3,false,false,false
44,35,db4670a9f5d9f93086676c6181c91a4463636e6bf9bcc20b2fc2a7e0995e0b64,7414,105,155,1119619,2a263662bcce80bc676e33f507986cb0c1cfd57ce03d1dfbaf4d8ae9295505ac,true,true,true
44,36,db4670a9f5d9f93086676c6181c91a4463636e6bf9bcc20b2fc2a7e0995e0b64,7973,136,186,1204059,12784debf228b029964a1c9cc4d1f71b4a53f2a037e7801a7e44f9afda5b3531,true,true,true
44,37,db4670a9f5d9f93086676c6181c91a4463636e6bf9bcc20b2fc2a7e0995e0b64,8190,55,105,1236745,66e4a2ac26ee0cd725dc4d20a8dad727c003c4018f0f892020fceed9dfdce75e,true,true,true
44,38,db4670a9f5d9f93086676c6181c91a4463636e6bf9bcc20b2fc2a7e0995e0b64,8453,137,187,1276540,0e145531c77b3047ebdc28c10ad98179796a379d39d1c05d842bf30f1bcd5d65,true,true,true
44,39,db4670a9f5d9f93086676c6181c91a4463636e6bf9bcc20b2fc2a7e0995e0b64,8533,78,128,1288561,117e33da5e552c1e77bdfe7e1739dee1f12e15d7b4466af769668a9911b317c7,false,false,false
44,40,db4670a9f5d9f93086676c6181c91a4463636e6bf9bcc20b2fc2a7e0995e0b64,8572,108,158,1294480,f4ac61ea9ac21b77ec5e0c04bc9f90c2b187d3a39c32e4215be2ab5bdfcd85ef,true,true,true
44,41,db4670a9f5d9f93086676c6181c91a4463636e6bf9bcc20b2fc2a7e0995e0b64,9007,69,119,1360126,da9d703a9484e21e68cb43124d4f2ec6ead670311ed09916977929ed0642eb82,true,true,true
44,42,db4670a9f5d9f93086676c6181c91a4463636e6bf9bcc20b2fc2a7e0995e0b64,9267,52,102,1399369,9d8ab6229f727065621bcb46c51485391950d35b3c9fd27e2896f6d6efcf7b26,true,true,true
44,43,db4670a9f5d9f93086676c6181c91a4463636e6bf9bcc20b2fc2a7e0995e0b64,9396,39,89,1418835,b01adc2d37cae7069d23785269fc63e1cd6423d6c012425d0e93cbb42ecc8e1f,false,false,true
44,44,db4670a9f5d9f93086676c6181c91a4463636e6bf9bcc20b2fc2a7e0995e0b64,9549,26,76,1441925,811ab7b10ace538f0e6e64ebd8c3ef9846a40404ab82f2da5081d8123d634390,false,true,true
44,45,db4670a9f5d9f93086676c6181c91a4463636e6bf9bcc20b2fc2a7e0995e0b64,9686,92,142,1462678,4800e3ddcad22bec0ac8bc0d0c59e79587e7cae26d7959d8c3df391260dbb35f,false,false,false
44,46,db4670a9f5d9f93086676c6181c91a4463636e6bf9bcc20b2fc2a7e0995e0b64,9691,85,135,1463426,e62abe3d36720c5f23cd3f842e7bbeae6ed9fb1249d62deae24714a3c7426308,false,false,false
44,47,db4670a9f5d9f93086676c6181c91a4463636e6bf9bcc20b2fc2a7e0995e0b64,9872,117,167,1490789,61cdb3e8516c1395cebe9bd9659fd85f6ddd2bf7b645e9655a56fe26bf58ce06,true,true,true
44,48,db4670a9f5d9f93086676c6181c91a4463636e6bf9bcc20b2fc2a7e0995e0b64,9911,140,190,1496701,1d299152e2f6f68a49f9dc13f5b96e554b9273cccd93e319a22f51985abf4381,true,true,true
44,49,db4670a9f5d9f93086676c6181c91a4463636e6bf9bcc20b2fc2a7e0995e0b64,9940,11,61,1500951,cd464ea89d6e0ae5f88036927abb2c08f6c18fc81183b0e6fd5fdfb50e110f9d,false,false,false
45,0,b494e105ba95bff8c6baaee9415afa31b4bf19e8346f95984fa007de0383a674,440,113,163,66553,ff719c9c009f35866a8b9bb1d9994f63ee0522b1d0fdcadcf9015c93d5d78d23,true,true,true
45,1,b494e105ba95bff8c6baaee9415afa31b4bf19e8346f95984fa007de0383a674,469,17,67,70836,217802514ef76802a9438dc4eee22586817325486bdc23a34db3309daf5d0c56,false,false,false
45,2,b494e105ba95bff8c6baaee9415afa31b4bf19e8346f95984fa007de0383a674,548,131,181,82879,cf7e56a5996cf87e58dcea8e7f9dface2c7ce3f16df933e89df3c456be620418,true,true,true
45,3,b494e105ba95bff8c6baaee9415afa31b4bf19e8346f95984fa007de0383a674,1196,11,61,180607,35d7d3dcfeb25b704bf379e987ac0a06a079664cc44ac4586b1f21fde7c3b13b,false,false,false
45,4,b494e105ba95bff8c6baaee9415afa31b4bf19e8346f95984fa007de0383a674,1198,119,169,181017,2f0b3e8f4dc2e75b2161280fde02cac6251b9d3ece38c975f089c5da52b352dc,true,true,true
45,5,b494e105ba95bff8c6baaee9415afa31b4bf19e8346f95984fa007de0383a674,2816,41,91,425257,7d9752f85f58dbe8b7cc33c16434158c97393dfb0a51e295e4859e6b14ef26ea,true,true,true
45,6,b494e105ba95bff8c6baaee9415afa31b4bf19e8346f95984fa007de0383a674,2958,72,122,446730,56c75e4b97ec5c886d1047595ba27f27b3aa50a587e6d2f4a29eabb743854257,true,true,true
45,7,b494e105ba95bff8c6baaee9415afa31b4bf19e8346f95984fa007de0383a674,3405,55,105,514210,9dd8b872037197d25283cf9c0ef499b009492970084359684578d34100cf234a,false,false,false
45,8,b494e105ba95bff8c6baaee9415afa31b4bf19e8346f95984fa007de0383a674,3617,141,191,546308,c093e35329c0d30ed2c1f3293cf24d5ade49c633473e243ebd15350a7c2f2825,true,true,true
45,9,b494e105ba95bff8c6baaee9415afa31b4bf19e8346f95984fa007de0383a674,4085,104,154,616939,021071e8c81f73b115630564a55972a74b25759c9a8bb005273f2142fc95ac83,true,true,true
45,10,b494e105ba95bff8c6baaee9415afa31b4bf19e8346f95984fa007de0383a674,4119,61,111,622030,3140b70f9cffa07f4bb11c5dcafa4411697e08465256900df0d7828ad21e022f,true,true,true
45,11,b494e105ba95bff8c6baaee9415afa31b4bf19e8346f95984fa007de0383a674,4159,23,73,628032,13a658d3f76f6e59266e4ea218003ae50e7b27c1768df697793b61f2dff2c8e3,false,true,false
45,12,b494e105ba95bff8c6baaee9415afa31b4bf19e8346f95984fa007de0383a674,4166,150,200,629216,92e485b0a1cf33935d4963255938e730ad2835a8e9145867d475b8206073e49d,true,true,true
45,13,b494e105ba95bff8c6baaee9415afa31b4bf19e8346f95984fa007de0383a674,4238,60,110,639998,b03867a11ef94120c8147f8830041ba55f84af36b3c46a225f4c708b96687fc6,true,true,true
45,14,b494e105ba95bff8c6baaee9415afa31b4bf19e8346f95984fa007de0383a674,4271,45,95,644966,ac3bac6459533e078850061075b767ceb0e49ff0484592a70df6e663540fc3bf,true,true,true
45,15,b494e105ba95bff8c6baaee9415afa31b4bf19e8346f95984fa007de0383a674,4687,72,122,707809,152a6b410332e08899639dcd4f467208c7417f26d389dccef64a58b23f6c274a,false,false,false
45,16,b494e105ba95bff8c6baaee9415afa31b4bf19e8346f95984fa007de0383a674,4874,35,85,736009,49f68a493c40f60dbd2d1cce9f19acee7d09e51b4ccdaeb229bf67b3ffca757d,false,false,false
45,17,b494e105ba95bff8c6baaee9415afa31b4bf19e8346f95984fa007de0383a674,5102,22,72,770424,84854f09f47af36d7d34b5b6dd0a04c6ca5ef3760b069ec26ad00658539ff019,false,false,false
45,18,b494e105ba95bff8c6baaee9415afa31b4bf19e8346f95984fa007de0383a674,5132,61,111,774993,5a78772ae41184de86db2129bc9a83b7bf4c6c971830aa16baa9ab9f0fa1e6c9,true,true,true
45,19,b494e105ba95bff8c6baaee9415afa31b4bf19e8346f95984fa007de0383a674,5284,112,162,797996,45403692f8f3b47fa36c08df03d28351dced11d72038885c77b25ac0588f76e3,true,true,true
45,20,b494e105ba95bff8c6baaee9415afa31b4bf19e8346f95984fa007de0383a674,5290,15,65,798805,3343fb058d46ad4298e1451857ea3189bd1b0d64381cc8adfbb6dc780454fc0b,false,false,false
45,21,b494e105ba95bff8c6baaee9415afa31b4bf19e8346f95984fa007de0383a674,5318,20,70,803038,d15032797d15d49226fb567ce227ecc2b8f12246241439dd7cc8775a2c1f2a56,false,false,false
45,22,b494e105ba95bff8c6baaee9415afa31b4bf19e8346f95984fa007de0383a674,5369,11,61,810730,8589fd78e06d23e3a96a1bf3c032a136195945f54e0c1d3f630560bef0585070,false,false,false
45,23,b494e105ba95bff8c6baaee9415afa31b4bf19e8346f95984fa007de0383a674,5626,18,68,849544,5438ef9c8e1cf23453cc40cf12b300a666e6362ced1cbfb8455b3673a6c2be3d,false,false,false
45,24,b494e105ba95bff8c6baaee9415afa31b4bf19e8346f95984fa007de0383a674,5663,103,153,855216,b62d3604fd488438c56937ec00077c42971bb52aa93a10bfdb1649f9f1a59e66,true,true,true
45,25,b494e105ba95bff8c6baaee9415afa31b4bf19e8346f95984fa007de0383a674,5723,47,97,864220,b8bb44774b01f9a4c7f7bd28d98e200ec438977267ac808f2b7f5510f8e03df0,false,true,true
45,26,b494e105ba95bff8c6baaee9415afa31b4bf19e8346f95984fa007de0383a674,5731,18,68,865399,76dffffaedfb8edd463ec1dc69c711e14a989b5d4b77263e41d16498c319b982,false,false,false
45,27,b494e105ba95bff8c6baaee9415afa31b4bf19e8346f95984fa007de0383a674,5947,62,112,898059,793344b253700cd4bd50cc8dea6488d43691fe5ac1aa2cad4607e357804254ec,true,true,true
45,28,b494e105ba95bff8c6baaee9415afa31b4bf19e8346f95984fa007de0383a674,6274,84,134,947458,30237fe942164815c1d738ecadee15241019331466a9cbe3e04ed77f948d6856,false,false,false
45,29,b494e105ba95bff8c6baaee9415afa31b4bf19e8346f95984fa007de0383a674,6298,56,106,951054,b0c2eb9e0579288681e2c4a339c17c80ea21da12dc12a00ce63f7979d6cac04f,true,true,true
45,30,b494e105ba95bff8c6baaee9415afa31b4bf19e8346f95984fa007de0383a674,6712,94,144,1013606,79f0f115063752880ebe33d61f979d58013ba9f9bb4770784d956004394bddf9,false,false,false
45,31,b494e105ba95bff8c6baaee9415afa31b4bf19e8346f95984fa007de0383a674,7002,9,59,1057311,3c73af7f20b56bb631fcf66046b5392c85c2f0d123ffa641e78f821f89bbc51d,false,false,false
45,32,b494e105ba95bff8c6baaee9415afa31b4bf19e8346f95984fa007de0383a674,7023,10,60,1060483,4bb611e368970bf728e14928312f78629f1394e745e28ed670ea7f3ab34c7918,false,false,false
45,33,b494e105ba95bff8c6baaee9415afa31b4bf19e8346f95984fa007de0383a674,7059,134,184,1066043,117f5e45ef6d383ffcac7b9ad771b34608202e84b7e9285aaa0e08240aad4427,true,false,false
45,34,b494e105ba95bff8c6baaee9415afa31b4bf19e8346f95984fa007de0383a674,7241,77,127,1093468,e2339f088a85cbf8305de46961ef1e1a6022af12301b89936eccc093cf8012d9,false,false,false
45,35,b494e105ba95bff8c6baaee9415afa31b4bf19e8346f95984fa007de0383a674,7315,130,180,1104695,beac64035f795f504b52b5dc1cdd3865b2078697bdb41dad248344518e995a55,true,true,true
45,36,b494e105ba95bff8c6baaee9415afa31b4bf19e8346f95984fa007de0383a674,7636,41,91,1153077,fcb071fc4c5ebff0cea4ecb83203e7f86512df58fb540e7913c9a1ee0cc0f18e,false,false,true
45,37,b494e105ba95bff8c6baaee9415afa31b4bf19e8346f95984fa007de0383a674,7678,53,103,1159431,b7d967e29bb89b45d0c46b128cb7df06c753b60f40f70d1196dc1f461beffd23,false,true,false
45,38,b494e105ba95bff8c6baaee9415afa31b4bf19e8346f95984fa007de0383a674,7763,69,119,1172282,22fadf4afee872dfce63077eb715b148dce8a55335a9ee3dbeee9c7c29c0ba28,false,false,false
45,39,b494e105ba95bff8c6baaee9415afa31b4bf19e8346f95984fa007de0383a674,7793,29,79,1176772,41b82ee126fc03f59e21a764f6b4005b7059af9e8760bad8eb63a9ef7a8dbbae,false,true,true
45,40,b494e105ba95bff8c6baaee9415afa31b4bf19e8346f95984fa007de0383a674,7960,141,191,1202101,fa43f5b3382d01a253cb4616f8699303726942502551b0804bd54e3f5f83c1c0,false,true,true
45,41,b494e105ba95bff8c6baaee9415afa31b4bf19e8346f95984fa007de0383a674,8110,146,196,1224756,1e5029659487da9ec80a3bab5edf31bf63bdf4c724c8ea093892ea0e65a3d632,true,true,true
45,42,b494e105ba95bff8c6baaee9415afa31b4bf19e8346f95984fa007de0383a674,8116,105,155,1225621,3910b3609d12a79c914100c1235187956fba21fa6b004d0f0f4cf7153011033b,true,true,true
45,43,b494e105ba95bff8c6baaee9415afa31b4bf19e8346f95984fa007de0383a674,8206,12,62,1239118,00134f5707139aaaf641bf7080c4209ef04475d6883725762b8208709ca32505,false,false,false
45,44,b494e105ba95bff8c6baaee9415afa31b4bf19e8346f95984fa007de0383a674,8400,101,151,1268501,2008b9db0314db70a8c64977ea0a65c73bde3aea3b5a5fabf3061faa5bdbe13c,true,true,true
45,45,b494e105ba95bff8c6baaee9415afa31b4bf19e8346f95984fa007de0383a674,8445,85,135,1275280,48b1ff8dfbd7610f784cd704b6af79fc51da298fc30b3295b4dd1426d9542475,false,false,false
45,46,b494e105ba95bff8c6baaee9415afa31b4bf19e8346f95984fa007de0383a674,8652,103,153,1306555,65841c354a4bbbca49ae06accc964b5de8ce0b3a50f23fd95d1a0b2185953a32,true,true,true
45,47,b494e105ba95bff8c6baaee9415afa31b4bf19e8346f95984fa007de0383a674,9245,2,52,1395997,23da27a5636d07dfa5962638e9833589fe02865ce849d9ef5e0d9514273440c2,false,false,false
45,48,b494e105ba95bff8c6baaee9415afa31b4bf19e8346f95984fa007de0383a674,9391,103,153,1418144,11896a09492e4669f113d4a159ff24e2604f763b5df426b153c65081a76a0277,true,true,true
45,49,b494e105ba95bff8c6baaee9415afa31b4bf19e8346f95984fa007de0383a674,9640,79,129,1455719,adc21210f705d400262c72b56fdd9a4ffd73e58b4b3814474ea9d1465fff5df0,false,false,false
46,0,faa0edcfb1508bd0ff222075d7509c096d9eec351956ef65ed462bbe6848592c,70,107,157,10677,83f2db4e295631b170a19222a8853e420c9b1d4d4374d522506e0682a016e168,true,true,true
46,1,faa0edcfb1508bd0ff222075d7509c096d9eec351956ef65ed462bbe6848592c,551,107,157,83308,2a590e5f53d29fc5cda58ecbd4ca447db8f72f35714b805c8203d56f880d7ba2,true,true,true
46,2,faa0edcfb1508bd0ff222075d7509c096d9eec351956ef65ed462bbe6848592c,664,104,154,100368,88fee76dfcb3adf8430e2534a937f0586a5570f40ad0fad20c1c469f766c38ec,true,true,true
46,3,faa0edcfb1508bd0ff222075d7509c096d9eec351956ef65ed462bbe6848592c,772,36,86,116608,888fda20d84f501982c7d0b16c28a7edf904442a28da4f3e31531063ce91eb39,false,false,false
46,4,faa0edcfb1508bd0ff222075d7509c096d9eec351956ef65ed462bbe6848592c,849,67,117,128266,4b24dd7a944a4f2ea599a53625f89acf91af460ce325d46269a6b2fa4919003c,true,true,true
46,5,faa0edcfb1508bd0ff222075d7509c096d9eec351956ef65ed462bbe6848592c,1050,87,137,158637,32951b503fe319d12167ce590901d8b00010441468b006aa44e56cc609e89773,false,false,false
46,6,faa0edcfb1508bd0ff222075d7509c096d9eec351956ef65ed462bbe6848592c,1377,76,126,208003,2a712e1a65f99fd85f4a877e481641347d976d82843750671b86ac899819ef3c,false,false,false
46,7,faa0edcfb1508bd0ff222075d7509c096d9eec351956ef65ed462bbe6848592c,1626,58,108,245584,f9979e066bc92a78bf3b35edca903688ddce90473accda3b24350dfedc06ad57,true,false,true
46,8,faa0edcfb1508bd0ff222075d7509c096d9eec351956ef65ed462bbe6848592c,1811,3,53,273464,faa037df7b0c8ac184d524a1063bf1f2bd609935bf8ade9348d36921fb55ec3e,false,false,false
46,9,faa0edcfb1508bd0ff222075d7509c096d9eec351956ef65ed462bbe6848592c,2193,128,178,331271,eb52d84b03d5722e4378057f73de10f5393c6eb9ea6db73f67ffceb7cdb6ec34,true,true,true
46,10,faa0edcfb1508bd0ff222075d7509c096d9eec351956ef65ed462bbe6848592c,2346,91,141,354337,cab10454bbd860e1972317560b9ed72fbf24b00c4e6d0403f4ba7b43569d4672,false,false,false
46,11,faa0edcfb1508bd0ff222075d7509c096d9eec351956ef65ed462bbe6848592c,2379,122,172,359351,08bd7eada18650f5b073ff6794e0c7467fad8d95fb5db852a570c37777b9d3b9,true,false,true
46,12,faa0edcfb1508bd0ff222075d7509c096d9eec351956ef65ed462bbe6848592c,2469,131,181,372950,2c8fa8f459e470537d2644cffec4a3855a3ac6a42a4a442da4bac4d10f4a81a0,true,true,true
46,13,faa0edcfb1508bd0ff222075d7509c096d9eec351956ef65ed462bbe6848592c,2489,94,144,375933,75a01d0838e86c7fe91ce06d3e1a4b23cceff80500af4b972e3f4198ffc20522,false,false,false
46,14,faa0edcfb1508bd0ff222075d7509c096d9eec351956ef65ed462bbe6848592c,2516,126,176,380042,b42473d3c3854dd29de3ee083af4299eae4937ed21b29e500e37906674a4dee6,true,true,true
46,15,faa0edcfb1508bd0ff222075d7509c096d9eec351956ef65ed462bbe6848592c,2677,21,71,404248,8233b79221002c65ac8162cb0d790289a7cd1d29165e4ed24a8647ee3d4e6a6f,false,false,false
46,16,faa0edcfb1508bd0ff222075d7509c096d9eec351956ef65ed462bbe6848592c,2725,93,143,411568,cd2a7153209f4cd4a661d49dabfe042b63fb2b9380ec11ccd5ca682494f44142,false,false,false
46,17,faa0edcfb1508bd0ff222075d7509c096d9eec351956ef65ed462bbe6848592c,3228,123,173,487551,dd3cce15ac46274011177af2b58dfc093651dab3e45b934431b502bfe059cf2b,true,true,true
46,18,faa0edcfb1508bd0ff222075d7509c096d9eec351956ef65ed462bbe6848592c,3260,130,180,492390,8ebf21b2419bcd2923ba4118dc58a690dde18fa302d773ff88b03cb06adf97cc,true,true,true
46,19,faa0edcfb1508bd0ff222075d7509c096d9eec351956ef65ed462bbe6848592c,3437,120,170,519107,a7513795d828339d3fc32c75a5c527c19f3148a130ce35d1e1cce9ca5d459eb9,true,true,true
46,20,faa0edcfb1508bd0ff222075d7509c096d9eec351956ef65ed462bbe6848592c,3900,137,187,589037,a305b0fc3df9f85ad5d03d607bedc0a33cdebcd18bb42f5b7c44e25ce07b4447,false,true,true
46,21,faa0edcfb1508bd0ff222075d7509c096d9eec351956ef65ed462bbe6848592c,4590,17,67,693107,0211775e61ec4ce44d9c1d6dfb3de07bdadb5f73c09a1942abe38445b3ab900c,false,false,false
46,22,faa0edcfb1508bd0ff222075d7509c096d9eec351956ef65ed462bbe6848592c,4991,56,106,753697,1e62832682b6d9b027bb3f1c182aaad23175b3fb9d7e61a614432d93ceaa8e76,true,true,false
46,23,faa0edcfb1508bd0ff222075d7509c096d9eec351956ef65ed462bbe6848592c,5026,13,63,758939,5de3374cc08f261c72dc0d03bf9ce6c1a85fc5faebf8141691d24a2f7677bc7f,false,false,false
46,24,faa0edcfb1508bd0ff222075d7509c096d9eec351956ef65ed462bbe6848592c,5114,48,98,772262,588883f5be98c8cf33f716cd9c8dd418e261af85ca4cd47f1f06dea896d88980,false,false,false
46,25,faa0edcfb1508bd0ff222075d7509c096d9eec351956ef65ed462bbe6848592c,5150,48,98,777698,8e1ecef6807b1917de22f682c6892283005da4b3b67aa47e530b0401b8395ef0,false,false,true
46,26,faa0edcfb1508bd0ff222075d7509c096d9eec351956ef65ed462bbe6848592c,5492,53,103,829345,b86aa430ff38e1ec7efbf3ab2b3b90803648818b23e150553d7ab089f6c2cfe1,false,true,true
46,27,faa0edcfb1508bd0ff222075d7509c096d9eec351956ef65ed462bbe6848592c,5721,30,80,863901,2fa7b4b6c15b694822535cb6e219b415440f3b9bfe58084d0185663315a17f1e,true,true,true
46,28,faa0edcfb1508bd0ff222075d7509c096d9eec351956ef65ed462bbe6848592c,6218,49,99,938967,8bee4e0eeaf562564f0e8a682a2fe02ba3b35bc4c135ba99885710b487ce6707,true,true,true
46,29,faa0edcfb1508bd0ff222075d7509c096d9eec351956ef65ed462bbe6848592c,6236,88,138,941724,82d765ea2f708f2355d2e1cd579c83c541921a1f424512304ee6cc092c432d57,false,false,false
46,30,faa0edcfb1508bd0ff222075d7509c096d9eec351956ef65ed462bbe6848592c,6292,21,71,950113,a8bf77f89affecdd620f77db63fb9cf6abc98c4be561cb594820c888c223016b,false,false,true
46,31,faa0edcfb1508bd0ff222075d7509c096d9eec351956ef65ed462bbe6848592c,6382,140,190,963822,8d202708481ce988a64dfbd3db309dbacd84cdef5a941239c3e0947915fd8cd4,false,true,true
46,32,faa0edcfb1508bd0ff222075d7509c096d9eec351956ef65ed462bbe6848592c,7253,107,157,1095310,99e77e81d4c05eb693ff591a92addacf188fd83832cdd9508823e3e50e05033a,true,true,true
46,33,faa0edcfb1508bd0ff222075d7509c096d9eec351956ef65ed462bbe6848592c,7303,74,124,1102827,8334994a159cd80f0ffbeb05a582e9babf064796ddcb5f8f8ce4469c61bcdae5,false,false,false
46,34,faa0edcfb1508bd0ff222075d7509c096d9eec351956ef65ed462bbe6848592c,7484,139,189,1130223,1fc1f6ede81a700627356d8152c2097d158cf2cff7a947e94044942d83e87f8c,true,true,true
46,35,faa0edcfb1508bd0ff222075d7509c096d9eec351956ef65ed462bbe6848592c,7662,131,181,1157093,036a9c24c6bfb148ac8201f6a50a165866cb3472bc9415b07ef13191e14479a1,true,true,true
46,36,faa0edcfb1508bd0ff222075d7509c096d9eec351956ef65ed462bbe6848592c,7728,140,190,1167068,a92026269d2548bbc609d925e19addf470233273c50d32016ad24776c120563c,true,true,true
46,37,faa0edcfb1508bd0ff222075d7509c096d9eec351956ef65ed462bbe6848592c,7753,99,149,1170802,896dbe8d4fb19c999f9990cbfcfa81feb4377fc544c683245df433f69c364bef,false,false,false
46,38,faa0edcfb1508bd0ff222075d7509c096d9eec351956ef65ed462bbe6848592c,7755,81,131,1171086,81943df37d795d719278657928d405f15f3bd3424bd02e7f6abceedbe1148420,false,false,false
46,39,faa0edcfb1508bd0ff222075d7509c096d9eec351956ef65ed462bbe6848592c,7857,20,70,1186427,8048e68689e658ffa21734d61e369d2124f531671942dd16f0c3b0c8d3104990,false,false,false
46,40,faa0edcfb1508bd0ff222075d7509c096d9eec351956ef65ed462bbe6848592c,7948,138,188,1200286,9aca7fe1433e786aaebb75189d7d3835f9389bdfcd99f3b4df032c8130811bbd,false,true,true
46,41,faa0edcfb1508bd0ff222075d7509c096d9eec351956ef65ed462bbe6848592c,8023,6,56,1211479,a2663cef63b99483e5d6f34290e542200bea4b36d05703f14ee91d2afdb3ca1d,false,false,false
46,42,faa0edcfb1508bd0ff222075d7509c096d9eec351956ef65ed462bbe6848592c,8085,58,108,1220893,a5ed9a2cd21e7e475a40f63c38dffc6380f163bc62bd63566f05035e88060bf2,true,true,true
46,43,faa0edcfb1508bd0ff222075d7509c096d9eec351956ef65ed462bbe6848592c,8429,35,85,1272814,592e5559cb902e9df3f1944ac2c85cc219be1ff6c5f786b5bd8614ce41757b1a,false,false,false
46,44,faa0edcfb1508bd0ff222075d7509c096d9eec351956ef65ed462bbe6848592c,8716,139,189,1316255,539816bc08908b4d9e362a6338866d8c238a138a67172b146e84409b130d6494,true,true,true
46,45,faa0edcfb1508bd0ff222075d7509c096d9eec351956ef65ed462bbe6848592c,8804,112,162,1329516,c0de70de68fd121be943c06089ba3be014d15a0f25ccb9a08bb501abc020ea5e,true,true,true
46,46,faa0edcfb1508bd0ff222075d7509c096d9eec351956ef65ed462bbe6848592c,9055,113,163,1367418,ef6f171f705b2db162b67337d1229d04e766bf9f768d07ed9ecb36a6c962c4d3,true,true,true
46,47,faa0edcfb1508bd0ff222075d7509c096d9eec351956ef65ed462bbe6848592c,9311,15,65,1405976,5e065045206601c220395eb3d5aeaf0cbdba873c29444bbbb410d02272ce3342,false,false,false
46,48,faa0edcfb1508bd0ff222075d7509c096d9eec351956ef65ed462bbe6848592c,9340,4,54,1410344,d934f56f0080d40bc011ec1669466e07011b11904b7f0f13b2c094a5250961ef,false,false,false
46,49,faa0edcfb1508bd0ff222075d7509c096d9eec351956ef65ed462bbe6848592c,9638,130,180,1455468,ce2e42d75bf7d46fedafc1ddf4dfc036dc1de5124a84e53eadf48bd4d669e4ab,true,true,true
47,0,fea229332498de08753956ecce574cc61744519a7a395656f08777000d8783ca,64,114,164,9778,b28952ba5a77a97b1f7dfce0644e39975e2bd576fa7732a9142d2d535d93db0d,true,true,true
47,1,fea229332498de08753956ecce574cc61744519a7a395656f08777000d8783ca,614,150,200,92864,7f9abaa749f6e7198d243da3d58f8777da47d9839e2ddae641c389e9dc8f3c0b,true,true,true
47,2,fea229332498de08753956ecce574cc61744519a7a395656f08777000d8783ca,786,41,91,118727,0e540a54b68eab7f01126d90a640e6fd551d0d11e3d9d1db8593ad6fa3c2f992,false,false,false
47,3,fea229332498de08753956ecce574cc61744519a7a395656f08777000d8783ca,973,93,143,147016,7f3a193830d4236dcf4e17441b2ad7b1e848696478925cebd2a60d4e082d6b38,false,false,false
47,4,fea229332498de08753956ecce574cc61744519a7a395656f08777000d8783ca,1037,33,83,156620,b53e8a38a9a610ed1e18914776ee302cf2a78bf79246c6ef5f516a9b0eeb67df,false,false,false
47,5,fea229332498de08753956ecce574cc61744519a7a395656f08777000d8783ca,1124,49,99,169773,c1be039d12c083a68cdc2aab33e8a4b9a8cbe8a7c5e1c7eb3c7bfcd486a48b30,true,true,true
47,6,fea229332498de08753956ecce574cc61744519a7a395656f08777000d8783ca,1143,35,85,172628,09d7b8e8a2f61f60107a28331e98acc1dbd4bf6dcd69ed8d07e7782fc60e8283,false,false,false
47,7,fea229332498de08753956ecce574cc61744519a7a395656f08777000d8783ca,1349,43,93,203742,29d537ed87b0b10eca4332bcb984875e7658e80a2b081c02882eb3dfbd117e72,true,true,true
47,8,fea229332498de08753956ecce574cc61744519a7a395656f08777000d8783ca,1373,40,90,207363,7857cb223107dca02b08d28b1e151be2877e3ca52a1475a7e97e5c9d44e02f2f,false,false,false
47,9,fea229332498de08753956ecce574cc61744519a7a395656f08777000d8783ca,1581,55,105,238786,76d9bb09cd78fec3c46dd8b39bb52caab685236fbe09193c959d589c90e6974c,true,false,false
47,10,fea229332498de08753956ecce574cc61744519a7a395656f08777000d8783ca,1792,54,104,270646,5ffd8d2941e4d06b5b4bf3e685b514b8e680b4230eb6e94d23460c8bc5aab117,false,true,true
47,11,fea229332498de08753956ecce574cc61744519a7a395656f08777000d8783ca,1861,92,142,281103,677fa2f1c6eddca7fc68290573bbd3839014ac59e90e8ce1951406480a1ff85b,false,false,false
47,12,fea229332498de08753956ecce574cc61744519a7a395656f08777000d8783ca,1936,26,76,292362,17dfff79d2aa4ebd36b1b1c153168fe1dd12c4e718bcf78f2ab8a63c043e7403,false,false,false
47,13,fea229332498de08753956ecce574cc61744519a7a395656f08777000d8783ca,2003,40,90,302493,1ec6a2f7de763d506dcf65008599f4f5cc3d7de2f76599623e0df67ddf712a32,false,true,true
47,14,fea229332498de08753956ecce574cc61744519a7a395656f08777000d8783ca,2744,118,168,414462,a7c222e955907e367dbcd1dd5bd3a249587b3701e8b8757198765d8f06d8d6b7,true,true,true
47,15,fea229332498de08753956ecce574cc61744519a7a395656f08777000d8783ca,2884,116,166,435600,e3dcf04df9aa54071cbbe792af4a535544c3afae5e05bf93fd9ac4e7ff5110c7,true,true,true
47,16,fea229332498de08753956ecce574cc61744519a7a395656f08777000d8783ca,2926,58,108,441884,50407ae782be942af242d95af21e5b42ef490fb5c1aea68739f3393f32806022,true,true,true
47,17,fea229332498de08753956ecce574cc61744519a7a395656f08777000d8783ca,3103,39,89,468592,c11c30b239cf81eb9346f8453b5579191546ec46901b16efce0ba0152244aae3,false,false,false
47,18,fea229332498de08753956ecce574cc61744519a7a395656f08777000d8783ca,3207,63,113,484320,dd749ccaa410df9cc539d4f48a1741685950204cda40242f55c664be95d94788,true,true,true
47,19,fea229332498de08753956ecce574cc61744519a7a395656f08777000d8783ca,3580,13,63,540593,c71600bd364d92ed4467f3cf6f4ac9bf6cb1709dd5c96e21bdf2d02aea4013a4,false,false,false
47,20,fea229332498de08753956ecce574cc61744519a7a395656f08777000d8783ca,4035,79,129,609364,6bc5398c08a1d9716e51a1c3c7355588fa8babeefa617d447b839961bbcc4f6c,false,false,false
47,21,fea229332498de08753956ecce574cc61744519a7a395656f08777000d8783ca,4278,10,60,645988,6fa168f7e3e6f26ea5f823dc61b0bfca5ff163b860618a19073407495e0af758,false,false,false
47,22,fea229332498de08753956ecce574cc61744519a7a395656f08777000d8783ca,4312,145,195,651257,0dbd0f77bfafcc5fd61cd7b142e06873b59361e8b91b1e6c442196a89620ca79,true,true,false
47,23,fea229332498de08753956ecce574cc61744519a7a395656f08777000d8783ca,4336,126,176,654862,01cbf4213a4952271d52511501aa66751d3620f94e7e319e1b69a7383b2387e4,true,true,true
47,24,fea229332498de08753956ecce574cc61744519a7a395656f08777000d8783ca,4512,85,135,681397,ce0b3ea841e20ffb83feb369965e0665a2fe048fb668bb0995427696cc237379,false,false,false
47,25,fea229332498de08753956ecce574cc61744519a7a395656f08777000d8783ca,4529,145,195,684024,095d73fe8ee8cb98dfa7d4adcccb2c3b08e1f62d6cd6802e4510af5e2389e1f6,true,true,true
47,26,fea229332498de08753956ecce574cc61744519a7a395656f08777000d8783ca,4651,100,150,702401,f635cec19c1ab6ffae23d3a497218d65f3b6b0d0d627dbb6ec2bb618488c7975,false,true,false
47,27,fea229332498de08753956ecce574cc61744519a7a395656f08777000d8783ca,4838,95,145,730633,6837aaabb3c7ec6376c2f8aa88a9826bcb3d2577441bd4743ff22953a54166fb,false,false,false
47,28,fea229332498de08753956ecce574cc61744519a7a395656f08777000d8783ca,5131,52,102,774833,98a3c49c18de618290bbcdf10e5560a449e0add22455a0210c0bcd446dfb91e8,true,true,false
47,29,fea229332498de08753956ecce574cc61744519a7a395656f08777000d8783ca,5437,5,55,820992,39d6a660d5fd7dac0d4063eb369e8d8f4ba79ce58f236109668cde6383a06b88,false,false,false
47,30,fea229332498de08753956ecce574cc61744519a7a395656f08777000d8783ca,5504,62,112,831166,bd77198239ec69690072bd52083380eef2e73a935c10b59b733729aa1923da04,true,true,true
47,31,fea229332498de08753956ecce574cc61744519a7a395656f08777000d8783ca,5510,100,150,832110,37caf0662d22a2dea096d28e393b298f11003b55327477cf9a7d37cad381dcc8,false,false,false
47,32,fea229332498de08753956ecce574cc61744519a7a395656f08777000d8783ca,5538,29,79,836267,4a07988e5d7b7e4abcf78bd924cd16937526a07b0bb9f02a5c3b8221f0200e88,true,true,true
47,33,fea229332498de08753956ecce574cc61744519a7a395656f08777000d8783ca,6101,140,190,921391,cc2dccdaf0a1082f412a9d5ee4783c239985e4d10e6cfa0bbb8e97b875856d56,true,true,true
47,34,fea229332498de08753956ecce574cc61744519a7a395656f08777000d8783ca,6108,91,141,922399,eaf41e108036875b57dc6dd38c674c666c9f6e31eab26cb7c00648175d0911b1,false,false,false
47,35,fea229332498de08753956ecce574cc61744519a7a395656f08777000d8783ca,7144,29,79,1078773,af5c1d8191d34e060a850beb3c201f3f562efb4ab23db19acf1f10b186cf8f16,false,true,true
47,36,fea229332498de08753956ecce574cc61744519a7a395656f08777000d8783ca,7417,117,167,1120084,9104ef2b5825bdf5f997a79d9484deef97edd2ba4e64d0e1c041f0c1ee87c939,true,true,true
47,37,fea229332498de08753956ecce574cc61744519a7a395656f08777000d8783ca,7504,75,125,1133179,40ab5bffac2fee483eac122355974dfb33a142156f42dc065e9ac4a732145953,false,false,false
47,38,fea229332498de08753956ecce574cc61744519a7a395656f08777000d8783ca,7536,68,118,1138004,9f78126fc388a1729cef259393fd8bf5624e51ba6019958e2d4b1a361326fce0,true,true,true
47,39,fea229332498de08753956ecce574cc61744519a7a395656f08777000d8783ca,7555,131,181,1140936,aaeda47dfb23b2cf827b0aadee401d55f615250431073296285333289c498d6d,true,true,true
47,40,fea229332498de08753956ecce574cc61744519a7a395656f08777000d8783ca,7929,96,146,1197375,fbd32c2a1c7c352fe836748e589c16da4a0ff1854261c9c62035f44cd01f260e,false,false,false
47,41,fea229332498de08753956ecce574cc61744519a7a395656f08777000d8783ca,8217,38,88,1240805,8ce50214ec0c7bd270d06533cdb3c734c447f058ae639ac3f598af8268c5acdd,false,false,false
47,42,fea229332498de08753956ecce574cc61744519a7a395656f08777000d8783ca,8274,128,178,1249502,a014e8253b05e4f2c67292a7aa1b121bb41c4436d6fa41957f245550ded9f7c5,true,true,true
47,43,fea229332498de08753956ecce574cc61744519a7a395656f08777000d8783ca,8400,103,153,1268503,5679661d1d03a4ad00350fc9c0520257a53ee7c89205324ba7b923bac8370987,true,true,true
47,44,fea229332498de08753956ecce574cc61744519a7a395656f08777000d8783ca,8414,78,128,1270592,23387e340427d1a4eb81da39e11525b3b3e0f74b39d61d8e11c88f0421f2a241,false,false,false
47,45,fea229332498de08753956ecce574cc61744519a7a395656f08777000d8783ca,8486,94,144,1281480,6b55fedf8036539f1a8613137eada2ebf1825d3dca061ccba483a2321e34714f,false,false,false
47,46,fea229332498de08753956ecce574cc61744519a7a395656f08777000d8783ca,8577,59,109,1295186,34c1adac2e10bc9e8ddb64e2ca867c4b888a1de2a3ae6c2cb3005177360f69f3,true,true,true
47,47,fea229332498de08753956ecce574cc61744519a7a395656f08777000d8783ca,9021,101,151,1362272,902378e1bf3eca61d04860890d0e60c2f9247a89e3446dbfcda5cd767ba6563b,false,true,false
47,48,fea229332498de08753956ecce574cc61744519a7a395656f08777000d8783ca,9455,103,153,1427808,4b8eea9cc8b9d25d6301369242ec2239f14072ce4b580e03b645799d724acae9,true,true,true
47,49,fea229332498de08753956ecce574cc61744519a7a395656f08777000d8783ca,9668,38,88,1459906,498aa828d3fbca41365e21f0a5badba1bf40388956908573d0cefc7c5a2dbb91,true,false,false
